fecha;rol_ciclo;en_cero_0030_0500;tipo;inicio_ciclo;fin_ciclo;h00;h01;h02;h03;h04;h05;h06;consumo_diurno_m3;consumo_dia_m3
2025-04-09;inicio y fin;SI;dia_completo;00:00;16:00;0.0;0.0;0.0;0.0;0.0;0.0;0.0;0.0;0.0
2025-04-25;inicio y fin;SI;corte_nocturno;00:00;09:00;0.0;0.0;0.0;0.0;0.0;0.0;0.0;29.1;29.1
2025-04-29;inicio y fin;SI;corte_nocturno;00:00;10:00;0.0;0.0;0.0;0.0;0.0;0.0;0.0;23.49;23.49
2025-05-03;inicio y fin;SI;corte_nocturno;00:00;07:00;0.0;0.0;0.0;0.0;0.0;0.0;0.0;45.62;45.62
2025-05-05;INICIO ciclo;SI;corte_nocturno;00:00;09:00;0.0;0.0;0.0;0.0;0.0;0.0;0.0;35.71;35.71
2025-05-06;FIN ciclo;SI;corte_nocturno;01:00;09:00;0.01;0.0;0.0;0.0;0.0;0.0;0.0;27.31;27.32
2025-05-13;inicio y fin;SI;corte_nocturno;01:00;10:00;0.01;0.0;0.0;0.0;0.0;0.0;0.0;18.1;18.11
2025-05-17;INICIO ciclo;SI;corte_nocturno;01:00;09:00;0.02;0.0;0.0;0.0;0.0;0.0;0.0;36.94;36.96
2025-05-18;FIN ciclo;SI;corte_nocturno;23:00 (día anterior);10:00;0.0;0.0;0.0;0.0;0.0;0.0;0.0;21.91;21.91
2025-07-02;inicio y fin;SI;corte_nocturno;00:00;05:00;0.0;0.0;0.0;0.0;0.0;0.04;0.0;30.82;30.86
2025-07-13;INICIO ciclo;SI;corte_nocturno;00:00;10:00;0.0;0.0;0.0;0.0;0.0;0.0;0.0;13.64;13.64
2025-07-14;FIN ciclo;SI;corte_nocturno;01:00;08:00;0.01;0.0;0.0;0.0;0.0;0.0;0.0;10.43;10.44
2025-07-16;inicio y fin;SI;corte_nocturno;23:00 (día anterior);09:00;0.0;0.0;0.0;0.0;0.0;0.0;0.0;22.27;22.27
2025-08-03;INICIO ciclo;SI;corte_nocturno;01:00;10:00;0.01;0.0;0.0;0.0;0.0;0.0;0.0;19.17;19.18
2025-08-04;FIN ciclo;SI;corte_nocturno;00:00;09:00;0.0;0.0;0.0;0.0;0.0;0.0;0.0;16.79;16.79
2025-08-25;inicio y fin;SI;corte_nocturno;00:00;09:00;0.0;0.0;0.0;0.0;0.0;0.0;0.0;23.7;23.7
2025-09-14;inicio y fin;SI;corte_nocturno;01:00;10:00;0.78;0.0;0.0;0.0;0.0;0.0;0.0;28.85;29.63
2025-09-19;INICIO ciclo;SI;corte_nocturno;00:00;13:00;0.0;0.0;0.0;0.0;0.0;0.0;0.0;0.48;0.48
2025-09-20;FIN ciclo;SI;corte_nocturno;23:00 (día anterior);05:00;0.0;0.0;0.0;0.0;0.0;0.01;0.0;23.49;23.5
2025-09-27;inicio y fin;SI;corte_nocturno;01:00;09:00;0.01;0.0;0.0;0.0;0.0;0.0;0.0;34.59;34.6
2025-10-04;INICIO ciclo;SI;corte_nocturno;00:00;06:00;0.0;0.0;0.0;0.0;0.0;0.0;0.01;34.94;34.95
2025-10-05;FIN ciclo;SI;corte_nocturno;01:00;06:00;0.01;0.0;0.0;0.0;0.0;0.0;0.02;18.5;18.53
2025-10-09;inicio y fin;SI;corte_nocturno;01:00;08:00;0.01;0.0;0.0;0.0;0.0;0.0;0.0;20.42;20.43
2025-10-11;INICIO ciclo;SI;corte_nocturno;23:00 (día anterior);09:00;0.0;0.0;0.0;0.0;0.0;0.0;0.0;36.49;36.49
2025-10-12;FIN ciclo;SI;corte_nocturno;23:00 (día anterior);10:00;0.0;0.0;0.0;0.0;0.0;0.0;0.0;17.1;17.1
2025-10-15;inicio y fin;SI;corte_nocturno;01:00;09:00;0.01;0.0;0.0;0.0;0.0;0.0;0.0;21.39;21.4
2025-10-19;INICIO ciclo;SI;corte_nocturno;01:00;10:00;0.01;0.0;0.0;0.0;0.0;0.0;0.0;11.58;11.59
2025-10-20;FIN ciclo;SI;corte_nocturno;00:00;09:00;0.0;0.0;0.0;0.0;0.0;0.0;0.0;28.58;28.58
2025-10-25;inicio y fin;SI;corte_nocturno;01:00;06:00;0.01;0.0;0.0;0.0;0.0;0.0;0.01;38.88;38.9
2025-10-27;INICIO ciclo;SI;corte_nocturno;01:00;07:00;0.14;0.0;0.0;0.0;0.0;0.0;0.0;26.3;26.44
2025-10-28;FIN ciclo;SI;corte_nocturno;01:00;05:00;0.01;0.0;0.0;0.0;0.0;0.01;0.0;27.09;27.11
2025-11-25;inicio y fin;SI;corte_nocturno;00:00;08:00;0.0;0.0;0.0;0.0;0.0;0.0;0.0;73.42;73.42
2025-11-27;inicio y fin;SI;corte_nocturno;00:00;06:00;0.0;0.0;0.0;0.0;0.0;0.0;0.01;30.99;31.0
2025-12-08;inicio y fin;SI;corte_nocturno;01:00;09:00;0.28;0.0;0.0;0.0;0.0;0.0;0.0;48.91;49.19
2025-12-15;inicio y fin;SI;corte_nocturno;23:00 (día anterior);07:00;0.0;0.0;0.0;0.0;0.0;0.0;0.0;39.37;39.37
2026-01-25;inicio y fin;SI;corte_nocturno;00:00;08:00;0.0;0.0;0.0;0.0;0.0;0.0;0.0;23.8;23.8
2026-01-30;inicio y fin;SI;corte_nocturno;00:00;08:00;0.0;0.0;0.0;0.0;0.0;0.0;0.0;42.6;42.6
2026-02-05;inicio y fin;SI;corte_nocturno;23:00 (día anterior);08:00;0.0;0.0;0.0;0.0;0.0;0.0;0.0;38.4;38.4
2026-02-13;inicio y fin;SI;corte_nocturno;00:00;08:00;0.0;0.0;0.0;0.0;0.0;0.0;0.0;24.35;24.35
2026-02-17;inicio y fin;SI;corte_nocturno;01:00;08:00;0.89;0.0;0.0;0.0;0.0;0.0;0.0;26.42;27.31
2026-03-17;inicio y fin;SI;corte_nocturno;01:00;06:00;0.57;0.0;0.0;0.0;0.0;0.0;0.01;26.75;27.33
2026-03-23;inicio y fin;SI;corte_nocturno;01:00;09:00;0.46;0.0;0.0;0.0;0.0;0.0;0.0;22.55;23.01
2026-04-09;inicio y fin;SI;corte_nocturno;01:00;09:00;0.08;0.0;0.0;0.0;0.0;0.0;0.0;25.33;25.41
2026-04-22;INICIO ciclo;SI;corte_nocturno;01:00;05:00;0.15;0.0;0.0;0.0;0.0;0.04;0.0;72.23;72.42
2026-04-23;;SI;corte_nocturno;01:00;05:00;0.06;0.0;0.0;0.0;0.0;0.02;0.04;40.4;40.52
2026-04-24;FIN ciclo;SI;corte_nocturno;01:00;09:00;0.04;0.0;0.0;0.0;0.0;0.0;0.0;38.04;38.08
2026-05-10;INICIO ciclo;SI;corte_nocturno;00:00;08:00;0.0;0.0;0.0;0.0;0.0;0.0;0.0;16.76;16.76
2026-05-11;;SI;corte_nocturno;00:00;07:00;0.0;0.0;0.0;0.0;0.0;0.0;0.0;19.99;19.99
2026-05-12;FIN ciclo;SI;corte_nocturno;00:00;07:00;0.0;0.0;0.0;0.0;0.0;0.0;0.0;14.82;14.82
2026-05-16;inicio y fin;SI;corte_nocturno;00:00;08:00;0.0;0.0;0.0;0.0;0.0;0.0;0.0;33.3;33.3
2026-05-26;inicio y fin;SI;corte_nocturno;01:00;09:00;0.26;0.0;0.0;0.0;0.0;0.0;0.0;16.95;17.21
2026-05-30;inicio y fin;SI;corte_nocturno;01:00;07:00;0.48;0.0;0.0;0.0;0.0;0.0;0.0;33.44;33.92
2026-06-03;inicio y fin;SI;corte_nocturno;01:00;10:00;0.33;0.0;0.0;0.0;0.0;0.0;0.0;31.77;32.1
2026-06-06;INICIO ciclo;SI;corte_nocturno;01:00;08:00;0.11;0.0;0.0;0.0;0.0;0.0;0.0;29.29;29.4
2026-06-07;;SI;corte_nocturno;01:00;06:00;0.14;0.0;0.0;0.0;0.0;0.0;0.07;23.41;23.62
2026-06-08;FIN ciclo;SI;corte_nocturno;00:00;09:00;0.0;0.0;0.0;0.0;0.0;0.0;0.0;25.79;25.79
2026-06-13;inicio y fin;SI;corte_nocturno;01:00;08:00;0.01;0.0;0.0;0.0;0.0;0.0;0.0;26.21;26.22
2026-06-18;INICIO ciclo;SI;corte_nocturno;00:00;07:00;0.0;0.0;0.0;0.0;0.0;0.0;0.0;23.3;23.3
2026-06-19;;SI;corte_nocturno;01:00;07:00;0.08;0.0;0.0;0.0;0.0;0.0;0.0;25.62;25.7
2026-06-20;;SI;corte_nocturno;01:00;07:00;0.17;0.0;0.0;0.0;0.0;0.0;0.0;34.06;34.23
2026-06-21;FIN ciclo;SI;corte_nocturno;01:00;07:00;0.06;0.0;0.0;0.0;0.0;0.0;0.0;18.36;18.42
2026-06-23;INICIO ciclo;SI;corte_nocturno;01:00;07:00;0.01;0.0;0.0;0.0;0.0;0.0;0.0;23.05;23.06
2026-06-24;;SI;corte_nocturno;01:00;07:00;0.01;0.0;0.0;0.0;0.0;0.0;0.0;25.21;25.22
2026-06-25;;SI;corte_nocturno;00:00;07:00;0.0;0.0;0.0;0.0;0.0;0.0;0.0;27.65;27.65
2026-06-26;FIN ciclo;SI;corte_nocturno;01:00;07:00;0.16;0.0;0.0;0.0;0.0;0.0;0.0;57.01;57.17
2026-06-28;INICIO ciclo;SI;corte_nocturno;00:00;07:00;0.0;0.0;0.0;0.0;0.0;0.0;0.0;23.88;23.88
2026-06-29;FIN ciclo;SI;corte_nocturno;00:00;07:00;0.0;0.0;0.0;0.0;0.0;0.0;0.0;28.17;28.17
2026-07-01;INICIO ciclo;SI;corte_nocturno;00:00;07:00;0.0;0.0;0.0;0.0;0.0;0.0;0.0;33.03;33.03
2026-07-02;;SI;corte_nocturno;01:00;07:00;0.01;0.0;0.0;0.0;0.0;0.0;0.0;34.92;34.93
2026-07-03;;SI;corte_nocturno;00:00;07:00;0.0;0.0;0.0;0.0;0.0;0.0;0.0;29.71;29.71
2026-07-04;;SI;corte_nocturno;00:00;07:00;0.0;0.0;0.0;0.0;0.0;0.0;0.0;41.33;41.33
2026-07-05;FIN ciclo;SI;corte_nocturno;01:00;07:00;0.01;0.0;0.0;0.0;0.0;0.0;0.0;23.12;23.13
2026-07-07;INICIO ciclo;SI;corte_nocturno;00:00;07:00;0.0;0.0;0.0;0.0;0.0;0.0;0.0;18.56;18.56
2026-07-08;;SI;corte_nocturno;01:00;07:00;0.01;0.0;0.0;0.0;0.0;0.0;0.0;12.03;12.04
2026-07-09;;SI;corte_nocturno;00:00;07:00;0.0;0.0;0.0;0.0;0.0;0.0;0.0;17.35;17.35
2026-07-10;;SI;corte_nocturno;00:00;07:00;0.0;0.0;0.0;0.0;0.0;0.0;0.0;20.53;20.53
2026-07-11;;SI;corte_nocturno;00:00;07:00;0.0;0.0;0.0;0.0;0.0;0.0;0.0;32.4;32.4
2026-07-12;;SI;corte_nocturno;00:00;07:00;0.0;0.0;0.0;0.0;0.0;0.0;0.0;9.84;9.84
2026-07-13;FIN ciclo;SI;corte_nocturno;01:00;07:00;0.01;0.0;0.0;0.0;0.0;0.0;0.0;14.62;14.63
2026-07-16;INICIO ciclo;SI;corte_nocturno;00:00;07:00;0.0;0.0;0.0;0.0;0.0;0.0;0.0;10.53;10.53
2026-07-17;;SI;corte_nocturno;00:00;07:00;0.0;0.0;0.0;0.0;0.0;0.0;0.0;4.6;4.6
2026-07-18;;SI;corte_nocturno;00:00;07:00;0.0;0.0;0.0;0.0;0.0;0.0;0.0;15.6;15.6
2026-07-19;;SI;corte_nocturno;00:00;07:00;0.0;0.0;0.0;0.0;0.0;0.0;0.0;3.98;3.98
2026-07-20;;SI;corte_nocturno;00:00;07:00;0.0;0.0;0.0;0.0;0.0;0.0;0.0;7.99;7.99
2026-07-21;;SI;corte_nocturno;00:00;07:00;0.0;0.0;0.0;0.0;0.0;0.0;0.0;7.17;7.17
2026-07-22;;SI;corte_nocturno;00:00;07:00;0.0;0.0;0.0;0.0;0.0;0.0;0.0;14.61;14.61
2026-07-23;;SI;corte_nocturno;00:00;07:00;0.0;0.0;0.0;0.0;0.0;0.0;0.0;9.76;9.76
2026-07-24;;SI;corte_nocturno;00:00;07:00;0.0;0.0;0.0;0.0;0.0;0.0;0.0;16.05;16.05
2026-07-25;FIN ciclo;SI;corte_nocturno;00:00;07:00;0.0;0.0;0.0;0.0;0.0;0.0;0.0;20.6;20.6
2026-07-31;inicio y fin;SI;corte_nocturno;01:00;07:00;0.01;0.0;0.0;0.0;0.0;0.0;0.0;10.09;10.1
2026-08-02;INICIO ciclo;SI;corte_nocturno;00:00;07:00;0.0;0.0;0.0;0.0;0.0;0.0;0.0;18.73;18.73
2026-08-03;;SI;corte_nocturno;00:00;07:00;0.0;0.0;0.0;0.0;0.0;0.0;0.0;13.44;13.44
2026-08-04;;SI;corte_nocturno;00:00;07:00;0.0;0.0;0.0;0.0;0.0;0.0;0.0;12.21;12.21
2026-08-05;FIN ciclo;SI;corte_nocturno;00:00;07:00;0.0;0.0;0.0;0.0;0.0;0.0;0.0;10.46;10.46
2026-08-09;INICIO ciclo;SI;corte_nocturno;00:00;09:00;0.0;0.0;0.0;0.0;0.0;0.0;0.0;16.02;16.02
2026-08-10;;SI;corte_nocturno;00:00;10:00;0.0;0.0;0.0;0.0;0.0;0.0;0.0;5.25;5.25
2026-08-11;;SI;corte_nocturno;00:00;10:00;0.0;0.0;0.0;0.0;0.0;0.0;0.0;4.63;4.63
2026-08-12;;SI;corte_nocturno;00:00;09:00;0.0;0.0;0.0;0.0;0.0;0.0;0.0;5.35;5.35
2026-08-13;;SI;corte_nocturno;00:00;07:00;0.0;0.0;0.0;0.0;0.0;0.0;0.0;6.81;6.81
2026-08-14;;SI;corte_nocturno;00:00;07:00;0.0;0.0;0.0;0.0;0.0;0.0;0.0;6.73;6.73
2026-08-15;;SI;corte_nocturno;00:00;07:00;0.0;0.0;0.0;0.0;0.0;0.0;0.0;14.12;14.12
2026-08-16;;SI;corte_nocturno;01:00;07:00;0.01;0.0;0.0;0.0;0.0;0.0;0.0;7.93;7.94
2026-08-17;;SI;corte_nocturno;00:00;07:00;0.0;0.0;0.0;0.0;0.0;0.0;0.0;10.11;10.11
2026-08-18;;SI;corte_nocturno;00:00;07:00;0.0;0.0;0.0;0.0;0.0;0.0;0.0;11.65;11.65
2026-08-19;;SI;corte_nocturno;00:00;07:00;0.0;0.0;0.0;0.0;0.0;0.0;0.0;11.31;11.31
2026-08-20;;SI;corte_nocturno;00:00;07:00;0.0;0.0;0.0;0.0;0.0;0.0;0.0;13.72;13.72
2026-08-21;;SI;corte_nocturno;00:00;07:00;0.0;0.0;0.0;0.0;0.0;0.0;0.0;8.17;8.17
2026-08-22;;SI;corte_nocturno;00:00;07:00;0.0;0.0;0.0;0.0;0.0;0.0;0.0;21.76;21.76
2026-08-23;;SI;corte_nocturno;00:00;07:00;0.0;0.0;0.0;0.0;0.0;0.0;0.0;3.86;3.86
2026-08-24;;SI;corte_nocturno;00:00;07:00;0.0;0.0;0.0;0.0;0.0;0.0;0.0;5.46;5.46
2026-08-25;;SI;corte_nocturno;00:00;07:00;0.0;0.0;0.0;0.0;0.0;0.0;0.0;9.23;9.23
2026-08-26;;SI;corte_nocturno;00:00;07:00;0.0;0.0;0.0;0.0;0.0;0.0;0.0;3.1;3.1
2026-08-27;;SI;corte_nocturno;00:00;07:00;0.0;0.0;0.0;0.0;0.0;0.0;0.0;43.43;43.43
2026-08-28;;SI;corte_nocturno;01:00;07:00;2.29;0.0;0.0;0.0;0.0;0.0;0.0;41.4;43.69
2026-08-29;;SI;corte_nocturno;00:00;07:00;0.0;0.0;0.0;0.0;0.0;0.0;0.0;17.65;17.65
2026-08-30;;SI;corte_nocturno;00:00;07:00;0.0;0.0;0.0;0.0;0.0;0.0;0.0;11.22;11.22
2026-08-31;;SI;corte_nocturno;01:00;07:00;0.62;0.0;0.0;0.0;0.0;0.0;0.0;22.06;22.68
2026-09-01;;SI;corte_nocturno;01:00;07:00;0.52;0.0;0.0;0.0;0.0;0.0;0.0;15.61;16.13
2026-09-02;;SI;corte_nocturno;01:00;07:00;0.04;0.0;0.0;0.0;0.0;0.0;0.0;13.4;13.44
2026-09-03;;SI;corte_nocturno;00:00;07:00;0.0;0.0;0.0;0.0;0.0;0.0;0.0;7.46;7.46
2026-09-04;;SI;corte_nocturno;00:00;07:00;0.0;0.0;0.0;0.0;0.0;0.0;0.0;4.94;4.94
2026-09-05;;SI;corte_nocturno;00:00;07:00;0.0;0.0;0.0;0.0;0.0;0.0;0.0;19.15;19.15
2026-09-06;;SI;corte_nocturno;01:00;07:00;0.0;0.0;0.0;0.0;0.0;0.0;0.0;2.72;2.72
2026-09-07;;SI;corte_nocturno;00:00;07:00;0.0;0.0;0.0;0.0;0.0;0.0;0.0;6.64;6.64
2026-09-08;;SI;corte_nocturno;00:00;07:00;0.0;0.0;0.0;0.0;0.0;0.0;0.0;2.95;2.95
2026-09-09;;SI;corte_nocturno;00:00;07:00;0.0;0.0;0.0;0.0;0.0;0.0;0.0;4.14;4.14
2026-09-10;;SI;corte_nocturno;23:00 (día anterior);07:00;0.0;0.0;0.0;0.0;0.0;0.0;0.0;2.35;2.35
2026-09-11;;SI;corte_nocturno;00:00;07:00;0.0;0.0;0.0;0.0;0.0;0.0;0.0;2.52;2.52
2026-09-12;;SI;corte_nocturno;00:00;07:00;0.0;0.0;0.0;0.0;0.0;0.0;0.0;7.79;7.79
2026-09-13;;SI;corte_nocturno;00:00;07:00;0.0;0.0;0.0;0.0;0.0;0.0;0.0;3.22;3.22
2026-09-14;FIN ciclo;SI;corte_nocturno;00:00;07:00;0.0;0.0;0.0;0.0;0.0;0.0;0.0;1.24;1.24
