fecha;total_m3;max_m3h;horas_cero;sin_datos;fuera_2pvc;pico_extremo;periodo
2025-12-25;19.2900;1.5980;4;0;0;0;pre_medidor
2025-12-26;19.0500;2.8800;4;0;0;0;pre_medidor
2025-12-27;21.6600;6.2600;4;0;0;0;pre_medidor
2025-12-28;19.0900;1.3100;4;0;0;0;pre_medidor
2025-12-29;33.1000;6.9000;4;0;0;0;pre_medidor
2025-12-30;59.3800;33.2200;4;0;1;1;pre_medidor
2025-12-31;13.4700;5.8200;4;0;0;0;pre_medidor
2026-01-01;6.7000;0.7900;6;0;0;0;pre_medidor
2026-01-02;26.2500;15.2600;7;0;1;0;pre_medidor
2026-01-03;46.8600;42.0800;10;0;1;1;pre_medidor
2026-01-04;15.8300;3.5274;4;0;0;0;pre_medidor
2026-01-05;39.9900;16.4800;4;0;1;0;pre_medidor
2026-01-06;10.4500;0.9943;5;0;0;0;pre_medidor
2026-01-07;5.0500;1.0100;7;0;0;0;pre_medidor
2026-01-08;15.1300;6.4400;8;0;0;0;pre_medidor
2026-01-09;7.1400;1.5000;5;0;0;0;pre_medidor
2026-01-10;8.9200;1.3738;5;0;0;0;pre_medidor
2026-01-11;8.3800;1.3600;4;0;0;0;pre_medidor
2026-01-12;14.9200;2.6800;11;0;0;0;pre_medidor
2026-01-13;14.4800;4.4247;6;0;0;0;pre_medidor
2026-01-14;4.6600;0.7557;7;0;0;0;pre_medidor
2026-01-15;18.0800;10.0246;5;0;0;0;pre_medidor
2026-01-16;18.6600;3.4100;4;0;0;0;pre_medidor
2026-01-17;20.1900;3.8000;4;0;0;0;pre_medidor
2026-01-18;25.7700;4.7127;4;0;0;0;pre_medidor
2026-01-19;27.8300;2.4511;4;0;0;0;pre_medidor
2026-01-20;26.4600;11.8200;3;0;0;0;pre_medidor
2026-01-21;7.8700;1.0507;5;0;0;0;pre_medidor
2026-01-22;8.8400;0.9952;5;0;0;0;pre_medidor
2026-01-23;14.2500;1.3187;5;0;0;0;pre_medidor
2026-01-24;28.2100;6.6000;3;0;0;0;pre_medidor
2026-01-25;31.5800;10.5800;3;0;0;0;pre_medidor
2026-01-26;21.4800;1.6770;4;0;0;0;pre_medidor
2026-01-27;21.3300;4.6100;4;0;0;0;pre_medidor
2026-01-28;20.0100;1.8054;4;0;0;0;pre_medidor
2026-01-29;13.9100;1.2575;3;0;0;0;pre_medidor
2026-01-30;23.6500;3.5845;4;0;0;0;pre_medidor
2026-01-31;82.7000;39.1978;5;0;1;1;pre_medidor
2026-02-01;23.8400;7.8200;7;0;0;0;pre_medidor
2026-02-02;50.7600;21.7000;8;0;1;0;pre_medidor
2026-02-03;97.4800;67.8722;10;0;1;1;pre_medidor
2026-02-04;35.6800;24.7394;10;0;1;0;pre_medidor
2026-02-05;30.2800;16.0400;9;0;1;0;pre_medidor
2026-02-06;40.9600;29.6600;7;0;1;1;pre_medidor
2026-02-07;78.7400;69.6800;10;0;1;1;pre_medidor
2026-02-08;13.4600;8.4200;11;0;0;0;pre_medidor
2026-02-09;33.9400;17.1800;8;0;1;0;pre_medidor
2026-02-10;30.2200;3.3600;5;0;0;0;pre_medidor
2026-02-11;55.9800;18.5564;4;0;1;0;pre_medidor
2026-02-12;110.4800;69.0600;4;0;1;1;pre_medidor
2026-02-13;50.4000;3.9134;4;0;0;0;pre_medidor
2026-02-14;231.2800;176.5400;6;0;1;1;pre_medidor
2026-02-15;26.0800;2.3400;6;0;0;0;pre_medidor
2026-02-16;25.1200;4.5305;4;0;0;0;pre_medidor
2026-02-17;33.6600;16.1930;9;0;1;0;pre_medidor
2026-02-18;18.6800;2.2182;6;0;0;0;pre_medidor
2026-02-19;17.3000;2.9689;5;0;0;0;pre_medidor
2026-02-20;44.0200;15.8000;4;0;1;0;pre_medidor
2026-02-21;38.6800;3.1800;4;0;0;0;pre_medidor
2026-02-22;32.7600;2.8319;4;0;0;0;pre_medidor
2026-02-23;45.3400;27.9747;3;0;1;1;pre_medidor
2026-02-24;458.6000;286.2858;6;0;1;1;pre_medidor
2026-02-25;5.6400;0.9600;6;0;0;0;pre_medidor
2026-02-26;5.5200;1.4772;8;0;0;0;pre_medidor
2026-02-27;199.8000;167.9200;5;0;1;1;pre_medidor
2026-02-28;51.8800;34.0600;8;0;1;1;pre_medidor
2026-03-01;18.5800;3.1200;4;0;0;0;pre_medidor
2026-03-02;133.2800;67.9400;5;0;1;1;pre_medidor
2026-03-03;31.8600;4.4800;6;0;0;0;pre_medidor
2026-03-04;45.1600;21.6600;4;0;1;0;pre_medidor
2026-03-05;9.5800;1.5139;5;0;0;0;pre_medidor
2026-03-06;7.3600;1.8400;9;0;0;0;pre_medidor
2026-03-07;77.6600;74.0000;17;0;1;1;pre_medidor
2026-03-08;50.4600;45.2200;16;0;1;1;pre_medidor
2026-03-09;11.9400;1.2128;5;0;0;0;pre_medidor
2026-03-10;49.5400;30.1585;5;0;1;1;pre_medidor
2026-03-11;19.9200;3.1531;6;0;0;0;pre_medidor
2026-03-12;103.7600;46.3422;3;0;1;1;pre_medidor
2026-03-13;45.9400;22.7997;3;0;1;0;pre_medidor
2026-03-14;19.1800;2.2400;4;0;0;0;pre_medidor
2026-03-15;59.9800;15.8400;4;0;1;0;pre_medidor
2026-03-16;38.9200;3.8636;3;0;0;0;pre_medidor
2026-03-17;49.2600;20.6270;4;0;1;0;pre_medidor
2026-03-18;29.4400;5.3624;4;0;0;0;pre_medidor
2026-03-19;27.6200;6.7200;4;0;0;0;pre_medidor
2026-03-20;17.9400;1.4093;4;0;0;0;pre_medidor
2026-03-21;85.0000;20.1496;4;0;1;1;pre_medidor
2026-03-22;22.9400;1.4828;4;0;0;0;pre_medidor
2026-03-23;69.6800;39.1399;3;0;1;1;pre_medidor
2026-03-24;23.3800;12.5961;7;0;1;0;pre_medidor
2026-03-25;2.7800;1.4200;11;0;0;0;pre_medidor
2026-03-26;1.4800;0.4000;11;0;0;0;pre_medidor
2026-03-27;8.2200;4.2000;14;0;0;0;pre_medidor
2026-03-28;5.6200;5.4600;19;0;0;0;pre_medidor
2026-03-29;365.9000;74.3468;12;0;1;1;pre_medidor
2026-03-30;972.2600;397.5528;7;0;1;1;pre_medidor
2026-03-31;21.6400;15.9800;11;0;1;0;pre_medidor
2026-04-01;6.2200;1.6000;13;0;0;0;pre_medidor
2026-04-02;1.7800;0.7200;9;0;0;0;pre_medidor
2026-04-03;18.8100;18.6000;18;0;1;0;pre_medidor
2026-04-04;34.5300;9.7247;11;0;0;0;pre_medidor
2026-04-05;129.2200;45.7753;12;0;1;1;pre_medidor
2026-04-06;41.4500;25.0400;14;0;1;1;pre_medidor
2026-04-07;51.1400;27.8400;9;0;1;1;pre_medidor
2026-04-08;36.8400;28.8100;9;0;1;1;pre_medidor
2026-04-09;304.5700;80.9681;9;0;1;1;pre_medidor
2026-04-10;33.1200;1.3800;0;0;0;0;pre_medidor
2026-04-11;2.0700;0.6600;15;0;0;0;pre_medidor
2026-04-12;0.9900;0.1600;11;0;0;0;pre_medidor
2026-04-13;5.5500;0.8900;7;0;0;0;pre_medidor
2026-04-14;67.8000;49.1600;10;0;1;1;pre_medidor
2026-04-15;2.5900;0.5600;13;0;0;0;pre_medidor
2026-04-16;2.8200;0.9900;10;0;0;0;pre_medidor
2026-04-17;113.9700;21.8492;5;0;1;1;pre_medidor
2026-04-18;2045.7600;95.4479;1;0;1;1;pre_medidor
2026-04-19;781.0500;130.7644;3;0;1;1;pre_medidor
2026-04-20;2.1400;0.3659;8;0;0;0;pre_medidor
2026-04-21;4.8600;3.5568;4;0;0;0;pre_medidor
2026-04-22;7.6900;3.2100;0;0;0;0;post_medidor
2026-04-23;0.9400;0.1756;2;0;0;0;post_medidor
2026-04-24;0.8300;0.1026;0;0;0;0;post_medidor
2026-04-25;0.9000;0.2052;0;0;0;0;post_medidor
2026-04-26;4.0200;0.4553;0;0;0;0;post_medidor
2026-04-27;2.9800;1.5640;1;0;0;0;post_medidor
2026-04-28;6.4200;0.6161;0;0;0;0;post_medidor
2026-04-29;16.0600;1.4100;0;0;0;0;post_medidor
2026-04-30;9.0200;0.7508;0;0;0;0;post_medidor
2026-05-01;3.8200;0.7865;0;0;0;0;post_medidor
2026-05-02;0.9500;0.1388;0;0;0;0;post_medidor
2026-05-03;1.0200;0.1800;0;0;0;0;post_medidor
2026-05-04;1.3800;0.2062;0;0;0;0;post_medidor
2026-05-05;4.5800;0.7615;0;0;0;0;post_medidor
2026-05-06;6.6400;0.7070;0;0;0;0;post_medidor
2026-05-07;1.8100;0.6344;20;0;0;0;post_medidor
2026-05-08;0.0000;0.0000;24;1;0;0;post_medidor
2026-05-09;0.0000;0.0000;24;1;0;0;post_medidor
2026-05-10;0.0000;0.0000;24;1;0;0;post_medidor
2026-05-11;0.0000;0.0000;24;1;0;0;post_medidor
2026-05-12;0.0000;0.0000;24;1;0;0;post_medidor
2026-05-13;0.8900;0.4166;11;0;0;0;post_medidor
2026-05-14;1.5600;0.3500;1;0;0;0;post_medidor
2026-05-15;0.4100;0.0745;6;0;0;0;post_medidor
2026-05-16;0.9100;0.1606;1;0;0;0;post_medidor
2026-05-17;1.1700;0.1477;3;0;0;0;post_medidor
2026-05-18;1.5200;0.4060;7;0;0;0;post_medidor
2026-05-19;0.8100;0.2147;7;0;0;0;post_medidor
2026-05-20;0.4600;0.0767;6;0;0;0;post_medidor
2026-05-21;0.7400;0.0673;0;0;0;0;post_medidor
2026-05-22;1.2900;0.1300;0;0;0;0;post_medidor
2026-05-23;1.5800;0.2423;0;0;0;0;post_medidor
2026-05-24;1.1200;0.2261;0;0;0;0;post_medidor
2026-05-25;1.3500;0.2908;0;0;0;0;post_medidor
2026-05-26;2.1100;0.4400;3;0;0;0;post_medidor
2026-05-27;0.7700;0.1643;4;0;0;0;post_medidor
2026-05-28;1.4200;0.3643;1;0;0;0;post_medidor
2026-05-29;0.8400;0.2141;2;0;0;0;post_medidor
2026-05-30;4.8300;0.4400;0;0;0;0;post_medidor
2026-05-31;5.0900;0.4207;0;0;0;0;post_medidor
2026-06-01;3.6400;0.3180;1;0;0;0;post_medidor
2026-06-02;2.8400;0.7100;0;0;0;0;post_medidor
2026-06-03;1.7500;0.7249;8;0;0;0;post_medidor
