fecha;m3_api;m3_depurado;nota
2026-04-22;7.7200;7.7200;
2026-04-23;0.9400;0.9400;
2026-04-24;0.8300;0.8300;
2026-04-25;0.9000;0.9000;
2026-04-26;4.0200;4.0200;
2026-04-27;2.9800;2.9800;
2026-04-28;6.4200;6.4200;
2026-04-29;15.7700;15.7700;
2026-04-30;9.0200;9.0200;
2026-05-01;3.8200;3.8200;
2026-05-02;0.9500;0.9500;
2026-05-03;1.0300;1.0300;
2026-05-04;1.3800;1.3800;
2026-05-05;4.5800;4.5800;
2026-05-06;6.6400;6.6400;
2026-05-07;1.8100;1.8100;
2026-05-13;0.8900;0.8900;
2026-05-14;1.5400;1.5400;
2026-05-15;0.4100;0.4100;
2026-05-16;0.9100;0.9100;
2026-05-17;1.1700;1.1700;
2026-05-18;1.5200;1.5200;
2026-05-19;0.8100;0.8100;
2026-05-20;0.4600;0.4600;
2026-05-21;0.7400;0.7400;
2026-05-22;1.2800;1.2800;
2026-05-23;1.5800;1.5800;
2026-05-24;1.1200;1.1200;
2026-05-25;1.3500;1.3500;
2026-05-26;2.1100;2.1100;
2026-05-27;0.7700;0.7700;
2026-05-28;1.4200;1.4200;
2026-05-29;0.8400;0.8400;
2026-05-30;4.9100;4.9100;
2026-05-31;5.0900;5.0900;
2026-06-01;3.6400;3.6400;
2026-06-02;2.8400;2.8400;
2026-06-03;1.7600;1.7600;
2026-06-04;2.8600;2.8600;
2026-06-05;2.1900;2.1900;
2026-06-06;1.4500;1.4500;
2026-06-07;1.8500;1.8500;
2026-06-08;1.9300;1.9300;
2026-06-09;1.5500;1.5500;
2026-06-10;1.4400;1.4400;
2026-06-11;1.9600;1.9600;
2026-06-12;0.4400;0.4400;
2026-06-13;6.8700;6.8700;
2026-06-14;1.3900;1.3900;
2026-06-15;1.7200;1.7200;
2026-06-16;1.5700;1.5700;
2026-06-17;0.9800;0.9800;
2026-06-18;2.1000;2.1000;
2026-06-19;2.0100;2.0100;
2026-06-20;1.1400;1.1400;
2026-06-21;1.6700;1.6700;
2026-06-22;1.1200;1.1200;
2026-06-23;1.2800;1.2800;
2026-06-24;0.1200;0.1200;
2026-06-25;5.7900;5.7900;
2026-06-26;0.3600;0.3600;
2026-06-27;0.3300;0.3300;
2026-06-28;1.1600;1.1600;
2026-06-29;2.6900;2.6900;
2026-06-30;0.6000;0.6000;
2026-07-01;1.9400;1.9400;
2026-07-02;1.0800;1.0800;
2026-07-03;0.9900;0.9900;
2026-07-04;0.4500;0.4500;
2026-07-05;4.0100;4.0100;
2026-07-06;0.7500;0.7500;
2026-07-07;1.3200;1.3200;
2026-07-08;1.9000;1.9000;
2026-07-09;2.6800;2.6800;
2026-07-10;1.4100;1.4100;
2026-07-11;1.8300;1.8300;
2026-07-12;1.1600;1.1600;
2026-07-13;0.5200;0.5200;
2026-07-14;0.1000;0.1000;
2026-07-15;0.0700;0.0700;
2026-07-16;5.0900;5.0900;
2026-07-17;19.8300;19.8300;caudal continuo
2026-07-18;19.9600;19.9600;caudal continuo
2026-07-19;18.6600;18.6600;caudal continuo
2026-07-20;20.1700;20.1700;caudal continuo
2026-07-21;21.3500;21.3500;caudal continuo
2026-07-22;20.1800;20.1800;caudal continuo
2026-07-23;19.4200;19.4200;caudal continuo
2026-07-24;18.3600;18.3600;caudal continuo
2026-07-25;17.2600;17.2600;caudal continuo
2026-07-26;18.0700;18.0700;caudal continuo
2026-07-27;14.8500;14.8500;caudal continuo
2026-07-28;17.7500;17.7500;caudal continuo
2026-07-29;14.9500;14.9500;caudal continuo
2026-07-30;13.0400;13.0400;caudal continuo
2026-07-31;14.5100;14.5100;caudal continuo
2026-08-01;15.2700;15.2700;caudal continuo
2026-08-02;14.7600;14.7600;caudal continuo
2026-08-03;12.8400;12.8400;caudal continuo
2026-08-04;10.4100;10.4100;caudal continuo
2026-08-05;10.1400;10.1400;caudal continuo
2026-08-06;11.4100;11.4100;caudal continuo
2026-08-07;8.4500;8.4500;caudal continuo
2026-08-08;9.3700;9.3700;caudal continuo
2026-08-09;8.3200;8.3200;caudal continuo
2026-08-10;6.3100;6.3100;caudal continuo
2026-08-11;6.8900;6.8900;caudal continuo
2026-08-12;6.7000;6.7000;caudal continuo
2026-08-13;10.0300;10.0300;caudal continuo
2026-08-14;8.5600;8.5600;caudal continuo
2026-08-15;12.6300;12.6300;caudal continuo
2026-08-16;15.2000;15.2000;caudal continuo
2026-08-17;8.0200;8.0200;
2026-08-18;5.5600;5.5600;
2026-08-19;3.5700;3.5700;
2026-08-20;3.4200;3.4200;
2026-08-21;3.1200;3.1200;
2026-08-22;7.6400;7.6400;
2026-08-23;7.2000;7.2000;
2026-08-24;2.6700;2.6700;
2026-08-25;0.6900;0.6900;
2026-08-26;2.8100;2.8100;
2026-08-27;3.1700;3.1700;
2026-08-28;1.9000;1.9000;
2026-08-29;5.6600;5.6600;
2026-08-30;1.1100;1.1100;
2026-08-31;3.1900;3.1900;
2026-09-01;1.3800;1.3800;
2026-09-02;0.6900;0.6900;
2026-09-03;74.5200;5.9700;se resta 68,55 m3 de la hora 03:00 (caudal imposible en 2 pulgadas)
2026-09-04;0.0500;0.0500;
2026-09-05;0.7200;0.7200;
2026-09-06;0.2300;0.2300;
2026-09-07;0.1500;0.1500;
2026-09-08;0.1800;0.1800;
2026-09-09;0.1500;0.1500;
2026-09-10;0.8200;0.8200;
2026-09-11;0.8100;0.8100;
2026-09-12;1.1800;1.1800;
2026-09-13;1.5900;1.5900;
2026-09-14;2.2000;2.2000;
2026-09-15;1.5300;1.5300;
2026-09-16;3.6100;3.6100;
2026-09-17;0.3600;0.3600;
2026-09-18;0.2000;0.2000;
2026-09-19;0.9100;0.9100;
2026-09-20;13.9900;13.9900;
2026-09-21;0.5900;0.5900;
2026-09-22;0.3800;0.3800;
2026-09-23;0.2000;0.2000;
2026-09-24;0.7000;0.7000;
2026-09-25;0.9500;0.9500;
2026-09-26;0.4700;0.4700;
2026-09-27;0.6300;0.6300;
2026-09-28;0.2800;0.2800;
2026-09-29;0.6600;0.6600;
2026-09-30;1.1400;1.1400;
2026-10-01;0.3300;0.3300;
2026-10-02;0.1600;0.1600;
2026-10-03;0.2500;0.2500;
2026-10-04;0.3800;0.3800;
2026-10-05;2.5500;2.5500;
2026-10-06;8.2800;8.2800;
2026-10-07;12.3000;12.3000;
2026-10-08;5.0300;5.0300;
